Key,Link
Adrian,http://www.adrianbulldogs.com/sports/football/schedule/2021
Albion,http://gobrits.com/sports/football/schedule/2021
Albright,http://www.albrightathletics.com/sports/football/schedule/2021
Alfred,http://gosaxons.com//sports/football/schedule/2021
Alfred St.,http://www.alfredstateathletics.com//sports/fball/2021-22/schedule
Allegheny,http://www.alleghenysports.com//sports/football/schedule/2021
Alma College,https://almascots.com/sports/fball/2021-22/schedule
Alvernia,http://athletics.alvernia.edu//sports/football/schedule/2021
Amherst,https://athletics.amherst.edu/sports/football/schedule/2021
Anderson (Ind.),http://athletics.anderson.edu//sports/fball/2021-22/schedule
Anna Maria,http://goamcats.com//sports/fball/2021-22/schedule
Augsburg University,http://athletics.augsburg.edu//sports/football/schedule/2021
Augustana College,http://www.athletics.augustana.edu/sports/football/schedule/2021
Aurora University,http://athletics.aurora.edu//sports/football/schedule/2021
Austin College,http://www.acroos.com//sports/fball/2021-22/schedule
Averett,http://www.averettcougars.com/sports/football/schedule/2021
Baldwin Wallace,http://www.bwyellowjackets.com//sports/fball/2021-22/schedule
Bates,https://gobatesbobcats.com//sports/football/schedule/2021
Belhaven,http://blazers.belhaven.edu//sports/football/schedule/2021
Beloit,https://beloitcollegeathletics.com//sports/football/schedule/2021
Benedictine (IL),http://www.benueagles.com//sports/football/schedule/2021
Berry College,http://www.berryvikings.com/sports/football/schedule/2021
Bethany,http://bethanybison.com/sports/fball/2021-22/schedule
Bethel (MN),http://athletics.bethel.edu/sports/football/schedule/2021
Birmingham-So.,https://bscsports.net/sports/football/schedule/2021
Bluffton,http://blufftonbeavers.com/sports/fball/2021-22/schedule
Bowdoin,http://athletics.bowdoin.edu/sports/football/schedule/2021
Brevard,http://www.bctornados.com//sports/fball/2021-22/schedule
Bridgewater,http://www.bridgewatereagles.com/sports/football/schedule/2021
Bridgewater St.,http://www.bsubears.com/sports/fball/2021-22/schedule
Brockport St.,http://www.gobrockport.com/sports/football/schedule/2021
Buena Vista,http://bvuathletics.com//sports/football/schedule/2021
Buffalo St.,http://www.buffalostateathletics.com/sports/football/schedule/2021
Cal Lutheran,http://www.clusports.com//sports/fball/2021-22/schedule
Capital,http://athletics.capital.edu//sports/football/schedule/2021
Carleton College,https://athletics.carleton.edu/sports/football/schedule/2021
Carnegie Mellon,http://athletics.cmu.edu//sports/fball/2021-22/schedule
Carroll (WI),http://gopios.com//sports/football/schedule/2021
Carthage,https://athletics.carthage.edu//sports/football/schedule/2021
Case Western Reserve,http://athletics.case.edu//sports/fball/2021-22/schedule
Castleton,http://www.castletonsports.com//sports/football/schedule/2021
Catholic,http://www.catholicathletics.com/sports/fball/2021-22/schedule
Central College,https://athletics.central.edu/sports/football/schedule/2021
Centre,http://centrecolonels.com/sports/football/schedule/2021
Chapman,https://www.chapmanathletics.com/sports/fball/2021-22/schedule
Chicago,http://athletics.uchicago.edu//sports/fball/2021-22/schedule
Chris. Newport,http://www.cnusports.com//sports/football/schedule/2021
Claremont-Mudd-Scripps,https://www.cmsathletics.org/sports/fball/2021-22/schedule
Coast Guard,http://www.uscgasports.com//sports/fball/2021-22/schedule
Coe College,https://kohawkathletics.com/sports/football/schedule/2021
Colby,http://gocolbymules.com//sports/football/schedule/2021
Concordia Chicago,http://www.cucougars.com/sports/football/schedule/2021
Concordia Wisconsin,https://www.cuwfalcons.com//sports/fball/2021-22/schedule
Concordia-M'head,http://concordiamn.prestosports.com//sports/fball/2021-22/schedule
Cornell College,https://cornellrams.com/sports/football/schedule/2021
Cortland,http://www.cortlandreddragons.com//sports/football/schedule/2021
Crown (MN),https://athletics.crown.edu/sports/football/schedule/2021-22
Curry,http://www.curryathletics.com/sports/fball/2021-22/schedule
DENISON,https://denisonbigred.com/sports/football/schedule/2021
DePauw,http://depauwtigers.com/sports/football/schedule/2021
Dean,https://deanbulldogs.com/sports/football/schedule/2021
Defiance,http://www.defianceathletics.com//sports/fball/2021-22/schedule
Delaware Valley,http://athletics.delval.edu//sports/football/schedule/2021
Dickinson,http://www.dickinsonathletics.com/sports/football/schedule/2021
"Dubuque, Univ. of",https://udspartans.com//sports/football/schedule/2021
East Tex. Baptist,http://www.goetbutigers.com//sports/football/schedule/2021
Elmhurst,http://www.elmhurstbluejays.com/sports/football/schedule/2021
Endicott,http://ecgulls.com/sports/fball/2021-22/schedule
Eureka,http://eurekareddevils.com/sports/fball/2021-22/schedule
FDU-Florham,http://fdudevils.com//sports/football/schedule/2021
Ferrum,http://www.ferrumpanthers.com//sports/football/schedule/2021
Finlandia,http://www.fulions.com/sports/football/schedule/2021
Fitchburg St.,http://www.fscfalcons.com//sports/fball/2021-22/schedule
Framingham St.,http://www.fsurams.com/sports/fball/2021-22/schedule
Franklin,http://www.franklingrizzlies.com//sports/football/schedule/2021
Franklin & Marshall,http://www.godiplomats.com/sports/m-footbl/2021-22/schedule
Gallaudet,https://www.gallaudetathletics.com/sports/fball/2021-22/schedule
Geneva,http://athletics.geneva.edu//sports/football/schedule/2021
George Fox,http://athletics.georgefox.edu/sports/football/schedule/2021
Gettysburg,http://www.gettysburgsports.com//sports/football/schedule/2021
Greensboro,http://www.greensborocollegesports.com//sports/football/schedule/2021
Greenville,https://athletics.greenville.edu/sports/fball/2021-22/schedule
Grinnell College,http://pioneers.grinnell.edu//sports/football/schedule/2021
Grove City,https://athletics.gcc.edu/sports/football/schedule/2021
Guilford,http://www.guilfordquakers.com/sports/football/schedule/2021
Hamilton,http://athletics.hamilton.edu//sports/football/schedule/2021
Hamline,http://hamlineathletics.com//sports/football/schedule/2021
Hampden-Sydney,http://hscathletics.com/sports/football/schedule/2021
Hanover,https://athletics.hanover.edu/sports/football/schedule/2021
Hardin-Simmons,http://www.hsuathletics.com//sports/m-footbl/2021-22/schedule
Hartwick,https://www.hartwickhawks.com/sports/football/schedule/2021-22
Heidelberg,http://www.bergathletics.com//sports/football/schedule/2021
Hendrix,http://www.hendrixwarriors.com/sports/football/schedule/2021
Hiram,http://www.hiramterriers.com//sports/football/schedule/2021
Hobart,http://www.hwsathletics.com//sports/football/schedule/2021
Hope,http://athletics.hope.edu/sports/football/schedule/2021
Howard Payne,http://www.hpusports.com/sports/football/schedule/2021
Huntingdon,http://www.huntingdonhawks.com/sports/fball/2021-22/schedule
Husson,https://husson.prestosports.com/sports/fball/2021-22/schedule
Ill. Wesleyan,https://www.iwusports.com/sports/football/schedule/2021
Illinois Col.,http://illinoiscollegeathletics.com/sports/football/schedule/2021
Ithaca College,http://bombers.ithaca.edu//sports/football/schedule/2021
John Carroll,http://www.jcusports.com//sports/football/schedule/2021
Johns Hopkins,http://www.hopkinssports.com//sports/football/schedule/2021
Juniata,https://www.juniatasports.net/sports/fball/2021-22/schedule
KEAN,https://keanathletics.com/sports/football/schedule/2021
Kalamazoo,http://hornets.kzoo.edu/sports/fball/2021-22/schedule
Kenyon,http://athletics.kenyon.edu/sports/football/schedule/2021
Keystone College,http://www.gokcgiants.com/sports/football/schedule/2021
King's College,http://www.kingscollegeathletics.com//sports/football/schedule/2021
Knox,http://prairiefire.knox.edu//sports/football/schedule/2021
La Verne,http://www.leopardathletics.com/sports/fball/2021-22/schedule
LaGrange,http://www.lagrangepanthers.com/sports/fball/2021-22/schedule
Lake Forest,http://www.goforesters.com//sports/fball/2021-22/schedule
Lakeland University,https://lakelandmuskies.com/sports/football/schedule/2021
Lawrence University,http://vikings.lawrence.edu/sports/football/schedule/2021
Lebanon Valley,http://www.godutchmen.com//sports/football/schedule/2021
Lewis & Clark,http://www.lcpioneers.com/sports/football/schedule/2021
Linfield,https://golinfieldwildcats.com//sports/football/schedule/2021
Loras College,http://www.duhawks.com//sports/football/schedule/2021
Luther College,https://luthernorse.com//sports/football/schedule/2021
Lycoming,http://athletics.lycoming.edu/sports/football/schedule/2021
MILLIKIN,https://athletics.millikin.edu/sports/football/schedule/2021
MIT,http://www.mitathletics.com/sports/football/schedule/2021
Macalester,http://athletics.macalester.edu/sports/football/schedule/2021
Manchester,http://muspartans.com//sports/football/schedule/2021
Marietta College,http://pioneers.marietta.edu//sports/football/schedule/2021
Maritime College,http://maritimeathletics.com//sports/football/schedule/2021
Martin Luther,http://mlcknights.com//sports/football/schedule/2021
Mary Hardin-Baylor,http://cruathletics.com/sports/football/schedule/2021
Maryville College,http://mcscots.com//sports/football/schedule/2021
Mass. Maritime,http://www.mmabucs.com/sports/fball/2021-22/schedule
Mass.-Dartmouth,http://www.corsairathletics.com/sports/football/schedule/2021
McDaniel,http://www.mcdanielathletics.com/sports/football/schedule/2021
McMurry,http://www.mcmurrysports.com//sports/football/schedule/2021
Merchant Marine,http://www.usmmasports.com//sports/football/schedule/2021
Methodist,http://www.mumonarchs.com//sports/football/schedule/2021
Middlebury,http://athletics.middlebury.edu/sports/football/schedule/2021
Millsaps,http://www.gomajors.com/sports/football/schedule/2021
Minnesota Morris,http://morriscougars.com/sports/football/schedule/2021
Misericordia,http://athletics.misericordia.edu/sports/football/schedule/2021
Monmouth (IL),http://monmouthscots.com//sports/football/schedule/2021
Montclair State,http://www.montclairathletics.com/sports/football/schedule/2021
Moravian University,http://moraviansports.com//sports/fball/2021-22/schedule
Morrisville St.,https://morrisvillemustangs.com/sports/football/schedule/2021
Mount Union,http://athletics.mountunion.edu/sports/football/schedule/2021
Mt. St. Joseph,http://www.msjsports.com//sports/fball/2021-22/schedule
Muhlenberg,http://muhlenbergsports.com//sports/football/schedule/2021
Muskingum,http://fightingmuskies.com//sports/fball/2021-22/schedule
N.C. Wesleyan,http://www.ncwcsports.com/sports/fball/2021-22/schedule
Neb. Wesleyan,http://www.nwusports.com//sports/football/schedule/2021
Nichols,http://www.nicholsathletics.com//sports/football/schedule/2021
North Central,http://northcentralcardinals.com//sports/football/schedule/2021
North Park,http://athletics.northpark.edu//sports/football/schedule/2021
Northwestern (MN),http://unweagles.com/sports/football/schedule/2021
Norwich,http://www.norwichathletics.com//sports/football/schedule/2021
Oberlin College,http://www.goyeo.com//sports/football/schedule/2021
Ohio Northern,https://www.onusports.com/sports/fball/2021-22/schedule
Ohio Wesleyan,http://www.battlingbishops.com//sports/football/schedule/2021
Olivet,http://www.olivetcomets.com/sports/fball/2021-22/schedule
Otterbein University,http://www.otterbeincardinals.com//sports/football/schedule/2021
Pacific Lutheran,http://golutes.com/sports/football/schedule/2021
Pacific University,http://www.goboxers.com//sports/football/schedule/2021
Plymouth State,http://athletics.plymouth.edu/sports/football/schedule/2021
Pomona-Pitzer,http://www.pe.pomona.edu/sports/fball/2021-22/schedule
Puget Sound,http://www.loggerathletics.com/sports/football/schedule/2021
Randolph-Macon,https://rmcathletics.com/sports/fball/2021-22/schedule
Redlands,https://www.goredlands.com/sports/fball/2021-22/schedule
Rensselaer,http://www.rpiathletics.com//sports/football/schedule/2021
Rhodes,http://www.rhodeslynx.com//sports/football/schedule/2021
Ripon College,https://riponredhawks.com//sports/football/schedule/2021
Rochester,http://www.uofrathletics.com//sports/football/schedule/2021
Rockford University,http://goregents.com/sports/football/schedule/2021
Rose-Hulman,http://athletics.rose-hulman.edu//sports/football/schedule/2021
Rowan,http://www.rowanathletics.com//sports/football/schedule/2021
Saint John's Univ.,https://gojohnnies.com/sports/football/schedule/2021
Salisbury,http://www.suseagulls.com/sports/football/schedule/2021
Salve Regina,http://www.salveathletics.com/sports/fball/2021-22/schedule
Sewanee,http://www.sewaneetigers.com//sports/football/schedule/2021
Shenandoah Hornets,http://www.suhornets.com/sports/football/schedule/2021
Simpson,http://simpsonathletics.com/sports/fball/2021-22/schedule
Southern Virginia,https://knightathletics.com/sports/football/schedule/2021-22
Southwestern,http://southwesternpirates.com/sports/m-footbl/2021-22/schedule
Springfield,http://springfieldcollegepride.com/sports/fball/2021-22/schedule
St. John Fisher,http://athletics.sjfc.edu//sports/football/schedule/2021
St. Lawrence,http://saintsathletics.com/sports/football/schedule/2021
St. Norbert College,http://athletics.snc.edu//sports/football/schedule/2021
St. Olaf,http://athletics.stolaf.edu//sports/football/schedule/2021
St. Scholastica,http://csssaints.com/sports/football/schedule/2021
St. Vincent,http://athletics.stvincent.edu/sports/football/schedule/2021
Stevenson,http://gomustangsports.com/sports/fball/2021-22/schedule
Sul Ross St.,http://www.srlobos.com//sports/football/schedule/2021
Susquehanna,http://suriverhawks.com/sports/football/schedule/2021
TCNJ,http://www.tcnjathletics.com//sports/football/schedule/2021
Texas Lutheran,http://www.tlubulldogs.com/sports/fball/2021-22/schedule
Thiel,http://www.thielathletics.com//sports/football/schedule/2021
Trine,http://trinethunder.com/sports/fball/2021-22/schedule
Trinity (CT),https://bantamsports.com//sports/football/schedule/2021
Trinity University,http://www.trinitytigers.com/sports/fball/2021-22/schedule
Tufts,https://tufts.prestosports.com/sports/fball/2021-22/schedule
U New England,https://athletics.une.edu/sports/football/schedule/2021
UW-Eau Claire,http://blugolds.com/sports/fball/2021-22/schedule
UW-La Crosse,http://www.uwlathletics.com//sports/football/schedule/2021
UW-Oshkosh,https://uwoshkoshtitans.com/sports/fball/2021-22/schedule
UW-River Falls,http://www.uwrfsports.com//sports/football/schedule/2021
UW-Stevens Point,http://athletics.uwsp.edu//sports/football/schedule/2021
UW-Stout,http://athletics.uwstout.edu//sports/football/schedule/2021
Union (NY),http://www.unionathletics.com//sports/football/schedule/2021
Ursinus,http://www.ursinusathletics.com/sports/football/schedule/2021
Utica College,http://www.ucpioneers.com/sports/football/schedule/2021
WPI,http://athletics.wpi.edu/sports/fball/2021-22/schedule
Wabash College,http://sports.wabash.edu/sports/football/schedule/2021
Wartburg,https://go-knights.net/sports/football/schedule/2021
Wash. & Jeff.,http://gopresidents.com//sports/football/schedule/2021
Wash. & Lee,http://www.generalssports.com/sports/football/schedule/2021
WashU,http://bearsports.wustl.edu/sports/fball/2021-22/schedule
Waynesburg,http://www.waynesburgsports.com//sports/football/schedule/2021
Wesleyan (Conn.),http://athletics.wesleyan.edu/sports/football/schedule/2021
WestConn,https://westconnathletics.com/sports/football/schedule/2021-22
Western New Eng.,http://wnegoldenbears.com/sports/fball/2021-22/schedule
Westfield St.,http://www.westfieldstateowls.com//sports/fball/2021-22/schedule
Westminster,http://www.wcbluejays.com/sports/fball/2021-22/schedule
Westminster (PA),http://athletics.westminster.edu/sports/football/schedule/2021
Wheaton (IL),http://athletics.wheaton.edu//sports/football/schedule/2021
Whittier,http://www.wcpoets.com//sports/fball/2021-22/schedule
Whitworth,http://www.whitworthpirates.com/sports/football/schedule/2021
Widener,http://www.widenerpride.com//sports/football/schedule/2021
Wilkes University,http://www.gowilkesu.com//sports/football/schedule/2021
Willamette,http://wubearcats.com//sports/fball/2021-22/schedule
William Paterson,http://www.wpupioneers.com/sports/football/schedule/2021
Williams,https://ephsports.williams.edu/sports/football/schedule/2021
Wilmington,http://www.wilmingtonquakers.com/sports/fball/2021-22/schedule
Wis.-Platteville,https://letsgopioneers.com/sports/fball/2021-22/schedule
Wis.-Whitewater,http://www.uwwsports.com/sports/football/schedule/2021
Wisconsin Lutheran,http://wlcsports.com//sports/football/schedule/2021
Wittenberg,http://www.wittenbergtigers.com/sports/fball/2021-22/schedule
Wooster,http://www.woosterathletics.com/sports/fball/2021-22/schedule
Worcester St.,http://wsulancers.com/sports/fball/2021-22/schedule
